well_id,field_id,event_start,duration_days,reason,maintenance_cost_usd
WELL-001,FLD-N,2023-04-30,3,Weather / Access,38661.28
WELL-001,FLD-N,2023-05-24,3,Pump Failure,46426.33
WELL-001,FLD-N,2023-05-30,4,Pump Failure,47149.87
WELL-001,FLD-N,2023-09-08,5,Weather / Access,19919.0
WELL-001,FLD-N,2024-01-02,3,Workover,6863.41
WELL-001,FLD-N,2024-05-01,5,Power Outage,24832.49
WELL-001,FLD-N,2024-05-14,5,Weather / Access,8587.89
WELL-002,FLD-N,2023-06-22,3,Sand Production Issue,6682.61
WELL-002,FLD-N,2024-02-21,4,Pipeline Restriction,52424.82
WELL-002,FLD-N,2024-04-04,5,Power Outage,12732.97
WELL-002,FLD-N,2024-10-05,5,Weather / Access,34290.64
WELL-002,FLD-N,2024-10-23,2,Weather / Access,58009.59
WELL-003,FLD-N,2023-04-29,1,Sand Production Issue,12898.02
WELL-003,FLD-N,2023-05-14,3,Sand Production Issue,25436.61
WELL-003,FLD-N,2023-05-19,4,Scheduled Maintenance,10479.32
WELL-003,FLD-N,2023-05-22,3,Scheduled Maintenance,7876.88
WELL-003,FLD-N,2023-07-25,3,Weather / Access,14909.74
WELL-003,FLD-N,2024-05-31,1,Weather / Access,15952.85
WELL-003,FLD-N,2024-08-23,2,Sand Production Issue,57174.14
WELL-003,FLD-N,2024-09-19,5,Weather / Access,4366.82
WELL-003,FLD-N,2024-10-15,4,Pump Failure,63837.77
WELL-004,FLD-N,2023-06-14,2,Sand Production Issue,16425.16
WELL-004,FLD-N,2023-06-19,3,Scheduled Maintenance,50839.87
WELL-004,FLD-N,2023-08-27,4,Pump Failure,38439.91
WELL-004,FLD-N,2023-09-04,1,Weather / Access,34536.91
WELL-004,FLD-N,2023-10-01,3,Scheduled Maintenance,55075.74
WELL-004,FLD-N,2024-02-25,4,Workover,69468.3
WELL-004,FLD-N,2024-09-03,5,Scheduled Maintenance,5676.46
WELL-005,FLD-N,2023-04-19,4,Sand Production Issue,55153.55
WELL-005,FLD-N,2023-05-15,1,Weather / Access,48131.75
WELL-005,FLD-N,2023-06-09,2,Power Outage,48256.95
WELL-005,FLD-N,2023-08-29,2,Pump Failure,56748.98
WELL-005,FLD-N,2023-10-16,3,Pipeline Restriction,60790.61
WELL-005,FLD-N,2024-07-07,4,Pump Failure,7149.54
WELL-005,FLD-N,2024-10-07,3,Sand Production Issue,14550.44
WELL-005,FLD-N,2024-12-24,4,Weather / Access,19500.64
WELL-006,FLD-N,2023-05-21,2,Scheduled Maintenance,45471.94
WELL-006,FLD-N,2023-09-14,2,Scheduled Maintenance,8961.93
WELL-006,FLD-N,2023-12-11,2,Pipeline Restriction,33555.33
WELL-006,FLD-N,2024-01-25,2,Pump Failure,23782.29
WELL-006,FLD-N,2024-02-23,4,Workover,34881.56
WELL-006,FLD-N,2024-04-11,4,Workover,71144.26
WELL-006,FLD-N,2024-06-06,4,Pipeline Restriction,32495.85
WELL-006,FLD-N,2024-07-07,1,Power Outage,10807.22
WELL-006,FLD-N,2024-07-08,4,Scheduled Maintenance,60138.62
WELL-006,FLD-N,2024-11-17,5,Workover,74560.4
WELL-007,FLD-C,2023-05-20,5,Pump Failure,84625.66
WELL-007,FLD-C,2023-05-26,1,Pipeline Restriction,59021.08
WELL-007,FLD-C,2023-07-23,3,Workover,11323.43
WELL-007,FLD-C,2023-12-21,3,Pump Failure,67113.36
WELL-007,FLD-C,2024-01-06,5,Pipeline Restriction,18627.72
WELL-007,FLD-C,2024-02-16,4,Power Outage,50568.8
WELL-007,FLD-C,2024-06-03,1,Pipeline Restriction,40987.6
WELL-007,FLD-C,2024-08-04,4,Workover,24066.42
WELL-007,FLD-C,2024-10-01,5,Weather / Access,17209.05
WELL-007,FLD-C,2024-11-09,1,Weather / Access,34853.16
WELL-008,FLD-C,2023-06-22,3,Pump Failure,21870.73
WELL-008,FLD-C,2023-09-18,3,Pipeline Restriction,55893.41
WELL-008,FLD-C,2023-10-10,2,Scheduled Maintenance,53907.99
WELL-008,FLD-C,2023-10-26,4,Pipeline Restriction,51158.27
WELL-008,FLD-C,2023-11-14,5,Pump Failure,33212.97
WELL-008,FLD-C,2024-03-09,3,Weather / Access,61613.85
WELL-008,FLD-C,2024-04-30,2,Power Outage,29535.46
WELL-008,FLD-C,2024-05-13,4,Workover,59576.33
WELL-008,FLD-C,2024-06-07,1,Pipeline Restriction,60139.18
WELL-008,FLD-C,2024-08-20,5,Scheduled Maintenance,6981.84
WELL-008,FLD-C,2024-11-11,4,Power Outage,4383.09
WELL-008,FLD-C,2024-12-17,4,Pump Failure,73406.91
WELL-009,FLD-C,2023-07-11,5,Scheduled Maintenance,45486.16
WELL-009,FLD-C,2023-12-03,2,Power Outage,8263.81
WELL-009,FLD-C,2024-06-14,4,Workover,10756.08
WELL-009,FLD-C,2024-08-14,4,Weather / Access,60912.33
WELL-009,FLD-C,2024-10-21,3,Pump Failure,68855.26
WELL-009,FLD-C,2024-11-04,1,Pipeline Restriction,52987.71
WELL-009,FLD-C,2024-12-06,1,Workover,11245.33
WELL-010,FLD-C,2023-06-19,2,Sand Production Issue,60710.34
WELL-010,FLD-C,2023-06-25,3,Workover,20045.96
WELL-010,FLD-C,2023-06-30,3,Pump Failure,83367.45
WELL-010,FLD-C,2023-09-30,4,Weather / Access,44447.87
WELL-010,FLD-C,2023-10-09,2,Weather / Access,42139.58
WELL-010,FLD-C,2024-02-13,3,Pipeline Restriction,3534.08
WELL-010,FLD-C,2024-06-22,2,Power Outage,36744.64
WELL-010,FLD-C,2024-08-07,3,Pump Failure,63236.46
WELL-010,FLD-C,2024-08-29,5,Scheduled Maintenance,60499.03
WELL-010,FLD-C,2024-10-06,2,Power Outage,54691.84
WELL-010,FLD-C,2024-12-30,4,Pump Failure,88675.43
WELL-011,FLD-C,2023-05-01,5,Power Outage,62551.74
WELL-011,FLD-C,2023-06-23,4,Pipeline Restriction,47230.95
WELL-011,FLD-C,2023-07-09,2,Weather / Access,6444.05
WELL-011,FLD-C,2023-09-25,1,Workover,76375.17
WELL-011,FLD-C,2023-10-03,5,Power Outage,7186.27
WELL-011,FLD-C,2023-10-13,2,Weather / Access,41555.87
WELL-011,FLD-C,2023-10-19,2,Pump Failure,51807.06
WELL-011,FLD-C,2024-03-14,2,Pipeline Restriction,61979.9
WELL-011,FLD-C,2024-05-10,3,Pipeline Restriction,44882.69
WELL-011,FLD-C,2024-05-16,3,Workover,32436.09
WELL-011,FLD-C,2024-07-22,2,Pipeline Restriction,36805.63
WELL-011,FLD-C,2024-07-29,2,Power Outage,18300.33
WELL-012,FLD-C,2023-07-05,5,Workover,44539.34
WELL-012,FLD-C,2023-08-18,1,Sand Production Issue,15459.73
WELL-012,FLD-C,2023-10-07,5,Pump Failure,81346.46
WELL-012,FLD-C,2024-01-02,3,Sand Production Issue,49151.29
WELL-012,FLD-C,2024-02-18,5,Sand Production Issue,33685.51
WELL-012,FLD-C,2024-03-29,3,Pump Failure,68599.27
WELL-012,FLD-C,2024-06-15,5,Pipeline Restriction,48997.72
WELL-012,FLD-C,2024-07-29,3,Scheduled Maintenance,63315.68
WELL-012,FLD-C,2024-09-19,5,Sand Production Issue,24848.43
WELL-012,FLD-C,2024-10-08,3,Power Outage,45704.38
WELL-012,FLD-C,2024-10-29,5,Power Outage,11864.35
WELL-013,FLD-C,2023-06-14,5,Pump Failure,16313.41
WELL-013,FLD-C,2023-08-03,3,Pipeline Restriction,21585.8
WELL-013,FLD-C,2023-10-30,3,Power Outage,47462.12
WELL-013,FLD-C,2024-01-20,4,Pump Failure,35715.49
WELL-013,FLD-C,2024-01-25,1,Power Outage,53004.42
WELL-013,FLD-C,2024-03-07,1,Pump Failure,45245.78
WELL-013,FLD-C,2024-05-17,5,Weather / Access,7482.23
WELL-013,FLD-C,2024-07-13,2,Workover,49681.95
WELL-013,FLD-C,2024-07-15,1,Sand Production Issue,40680.57
WELL-013,FLD-C,2024-10-07,3,Power Outage,41100.07
WELL-013,FLD-C,2024-12-25,3,Pipeline Restriction,63508.08
WELL-014,FLD-S,2023-05-21,2,Sand Production Issue,57464.81
WELL-014,FLD-S,2023-06-25,3,Pipeline Restriction,51181.71
WELL-014,FLD-S,2023-08-20,2,Pump Failure,30435.95
WELL-014,FLD-S,2023-09-13,4,Scheduled Maintenance,4081.3
WELL-014,FLD-S,2024-02-01,3,Weather / Access,7578.72
WELL-014,FLD-S,2024-05-19,2,Pump Failure,57441.3
WELL-014,FLD-S,2024-12-24,2,Workover,77692.73
WELL-015,FLD-S,2023-04-22,5,Pump Failure,88091.45
WELL-015,FLD-S,2023-06-03,1,Pump Failure,60486.75
WELL-015,FLD-S,2023-08-22,3,Scheduled Maintenance,60012.09
WELL-015,FLD-S,2023-11-29,2,Sand Production Issue,23332.71
WELL-015,FLD-S,2024-05-09,5,Pipeline Restriction,42401.95
WELL-015,FLD-S,2024-06-01,4,Pipeline Restriction,31567.51
WELL-015,FLD-S,2024-06-15,5,Pipeline Restriction,32272.13
WELL-015,FLD-S,2024-10-28,2,Pipeline Restriction,54847.44
WELL-015,FLD-S,2024-11-12,1,Workover,9179.47
WELL-015,FLD-S,2024-12-26,4,Pipeline Restriction,36116.57
WELL-016,FLD-S,2023-06-28,1,Scheduled Maintenance,33618.35
WELL-016,FLD-S,2023-07-18,3,Scheduled Maintenance,12480.17
WELL-016,FLD-S,2023-08-05,3,Pump Failure,29846.31
WELL-016,FLD-S,2024-06-14,4,Power Outage,8705.46
WELL-016,FLD-S,2024-09-23,3,Power Outage,44591.71
WELL-017,FLD-S,2023-04-09,2,Sand Production Issue,64219.26
WELL-017,FLD-S,2023-05-09,1,Pump Failure,11294.26
WELL-017,FLD-S,2023-05-20,3,Weather / Access,64412.46
WELL-017,FLD-S,2023-12-13,4,Weather / Access,48575.91
WELL-017,FLD-S,2023-12-26,1,Pipeline Restriction,16641.19
WELL-017,FLD-S,2023-12-27,1,Weather / Access,21499.16
WELL-017,FLD-S,2024-06-18,4,Scheduled Maintenance,57143.78
WELL-017,FLD-S,2024-06-21,2,Sand Production Issue,48629.95
WELL-017,FLD-S,2024-07-14,3,Weather / Access,28460.41
WELL-017,FLD-S,2024-12-28,4,Sand Production Issue,47591.16
WELL-018,FLD-S,2023-06-14,1,Scheduled Maintenance,10174.45
WELL-018,FLD-S,2023-07-08,4,Pipeline Restriction,12129.06
WELL-018,FLD-S,2023-07-09,3,Scheduled Maintenance,27892.53
WELL-018,FLD-S,2023-09-08,5,Weather / Access,14742.86
WELL-018,FLD-S,2023-10-01,4,Power Outage,17609.86
WELL-018,FLD-S,2023-11-14,4,Workover,38732.07
WELL-018,FLD-S,2024-05-08,1,Pump Failure,59904.75
WELL-018,FLD-S,2024-10-31,4,Pipeline Restriction,12572.17
WELL-018,FLD-S,2024-11-11,4,Pump Failure,55798.52
WELL-018,FLD-S,2024-12-22,2,Pump Failure,5880.99
