machine_id,line_id,date,reason,duration_hours,cost_usd
MC-001,LINE-A,2023-01-21,Material Jam,0.7,2610.24
MC-001,LINE-A,2023-02-14,Sensor Fault,2.0,755.3
MC-001,LINE-A,2023-02-15,Preventive Maintenance,2.1,1586.04
MC-001,LINE-A,2023-02-18,Material Jam,0.8,3387.26
MC-001,LINE-A,2023-04-01,Preventive Maintenance,3.4,2919.99
MC-001,LINE-A,2023-05-16,Preventive Maintenance,5.6,3275.72
MC-001,LINE-A,2023-06-30,Preventive Maintenance,4.4,2409.83
MC-001,LINE-A,2023-07-17,Calibration Drift,2.0,3026.99
MC-001,LINE-A,2023-07-22,Calibration Drift,0.8,1147.02
MC-001,LINE-A,2023-08-02,Material Jam,5.0,3098.75
MC-001,LINE-A,2023-08-14,Preventive Maintenance,5.0,2879.41
MC-001,LINE-A,2023-08-28,Tooling Change,4.2,2453.32
MC-001,LINE-A,2023-09-06,Unplanned Stop,1.7,1739.11
MC-001,LINE-A,2023-09-20,Sensor Fault,3.7,3496.62
MC-001,LINE-A,2023-09-28,Preventive Maintenance,5.9,2976.88
MC-001,LINE-A,2023-11-12,Preventive Maintenance,4.1,1409.3
MC-001,LINE-A,2023-12-27,Preventive Maintenance,5.8,2893.3
MC-001,LINE-A,2024-01-25,Calibration Drift,4.9,925.54
MC-001,LINE-A,2024-02-10,Preventive Maintenance,2.7,1863.75
MC-002,LINE-A,2023-01-10,Calibration Drift,4.6,733.41
MC-002,LINE-A,2023-02-15,Preventive Maintenance,5.5,3201.06
MC-002,LINE-A,2023-04-01,Preventive Maintenance,3.7,1889.38
MC-002,LINE-A,2023-04-01,Tooling Change,2.6,3169.8
MC-002,LINE-A,2023-05-16,Preventive Maintenance,3.4,1529.42
MC-002,LINE-A,2023-05-28,Calibration Drift,3.7,2097.32
MC-002,LINE-A,2023-06-30,Preventive Maintenance,2.7,3382.92
MC-002,LINE-A,2023-08-14,Preventive Maintenance,2.9,1120.63
MC-002,LINE-A,2023-08-20,Unplanned Stop,3.1,673.0
MC-002,LINE-A,2023-09-28,Preventive Maintenance,3.1,983.88
MC-002,LINE-A,2023-11-12,Preventive Maintenance,2.5,968.95
MC-002,LINE-A,2023-12-16,Material Jam,2.1,3681.68
MC-002,LINE-A,2023-12-27,Preventive Maintenance,3.8,1808.26
MC-002,LINE-A,2024-01-13,Calibration Drift,3.6,1611.79
MC-002,LINE-A,2024-01-27,Unplanned Stop,4.2,4060.6
MC-002,LINE-A,2024-02-10,Preventive Maintenance,4.2,1044.99
MC-003,LINE-A,2023-01-11,Material Jam,3.1,2436.73
MC-003,LINE-A,2023-02-15,Preventive Maintenance,4.0,1035.91
MC-003,LINE-A,2023-02-27,Unplanned Stop,1.1,3560.78
MC-003,LINE-A,2023-03-10,Calibration Drift,5.0,3016.44
MC-003,LINE-A,2023-04-01,Preventive Maintenance,2.7,2242.37
MC-003,LINE-A,2023-04-24,Sensor Fault,3.6,1200.99
MC-003,LINE-A,2023-04-26,Sensor Fault,2.9,2934.8
MC-003,LINE-A,2023-05-16,Preventive Maintenance,3.5,1214.43
MC-003,LINE-A,2023-06-30,Preventive Maintenance,4.3,3166.24
MC-003,LINE-A,2023-07-21,Material Jam,1.6,1588.16
MC-003,LINE-A,2023-08-14,Preventive Maintenance,5.0,871.6
MC-003,LINE-A,2023-09-28,Preventive Maintenance,4.3,1375.68
MC-003,LINE-A,2023-10-10,Material Jam,2.0,1894.86
MC-003,LINE-A,2023-11-12,Preventive Maintenance,5.5,2271.3
MC-003,LINE-A,2023-12-27,Preventive Maintenance,4.9,1399.62
MC-003,LINE-A,2024-02-08,Calibration Drift,1.5,1918.55
MC-003,LINE-A,2024-02-10,Preventive Maintenance,2.7,1597.54
MC-003,LINE-A,2024-02-12,Tooling Change,3.6,2818.83
MC-004,LINE-B,2023-02-15,Preventive Maintenance,2.0,2014.7
MC-004,LINE-B,2023-02-16,Unplanned Stop,4.4,1188.92
MC-004,LINE-B,2023-03-25,Calibration Drift,2.3,2159.08
MC-004,LINE-B,2023-04-01,Preventive Maintenance,4.8,1316.34
MC-004,LINE-B,2023-05-16,Preventive Maintenance,5.1,2192.36
MC-004,LINE-B,2023-05-21,Tooling Change,1.7,4375.57
MC-004,LINE-B,2023-06-15,Calibration Drift,1.8,1599.09
MC-004,LINE-B,2023-06-30,Preventive Maintenance,4.5,2677.46
MC-004,LINE-B,2023-08-08,Calibration Drift,3.3,3514.28
MC-004,LINE-B,2023-08-14,Preventive Maintenance,4.3,1393.59
MC-004,LINE-B,2023-09-28,Preventive Maintenance,4.2,1373.53
MC-004,LINE-B,2023-10-30,Material Jam,3.3,2742.34
MC-004,LINE-B,2023-11-12,Preventive Maintenance,2.1,2035.77
MC-004,LINE-B,2023-11-13,Tooling Change,2.1,4168.9
MC-004,LINE-B,2023-12-04,Sensor Fault,5.0,3678.45
MC-004,LINE-B,2023-12-27,Preventive Maintenance,3.5,1323.99
MC-004,LINE-B,2024-02-10,Preventive Maintenance,5.3,2994.03
MC-004,LINE-B,2024-02-18,Tooling Change,1.4,1517.86
MC-005,LINE-B,2023-02-15,Preventive Maintenance,2.2,1266.6
MC-005,LINE-B,2023-04-01,Preventive Maintenance,4.4,1751.03
MC-005,LINE-B,2023-05-16,Preventive Maintenance,4.7,2568.49
MC-005,LINE-B,2023-05-31,Calibration Drift,2.7,1886.69
MC-005,LINE-B,2023-06-30,Preventive Maintenance,3.1,1208.31
MC-005,LINE-B,2023-07-13,Tooling Change,1.3,4358.81
MC-005,LINE-B,2023-08-05,Unplanned Stop,0.8,3210.94
MC-005,LINE-B,2023-08-14,Preventive Maintenance,4.1,2300.53
MC-005,LINE-B,2023-09-28,Preventive Maintenance,4.7,2838.22
MC-005,LINE-B,2023-10-29,Tooling Change,2.6,2184.24
MC-005,LINE-B,2023-11-10,Tooling Change,1.4,2590.72
MC-005,LINE-B,2023-11-12,Preventive Maintenance,3.5,3207.69
MC-005,LINE-B,2023-12-27,Preventive Maintenance,4.2,1987.47
MC-005,LINE-B,2024-01-22,Unplanned Stop,2.7,2556.91
MC-005,LINE-B,2024-02-10,Preventive Maintenance,5.1,985.73
MC-006,LINE-C,2023-01-12,Unplanned Stop,2.9,4342.42
MC-006,LINE-C,2023-02-15,Preventive Maintenance,4.9,3219.98
MC-006,LINE-C,2023-03-23,Sensor Fault,0.9,1676.41
MC-006,LINE-C,2023-04-01,Preventive Maintenance,3.2,2357.59
MC-006,LINE-C,2023-04-14,Sensor Fault,4.3,1836.85
MC-006,LINE-C,2023-04-30,Tooling Change,2.9,2001.67
MC-006,LINE-C,2023-05-16,Preventive Maintenance,2.7,3328.63
MC-006,LINE-C,2023-06-30,Preventive Maintenance,4.9,1071.08
MC-006,LINE-C,2023-07-04,Sensor Fault,4.2,4477.0
MC-006,LINE-C,2023-08-14,Preventive Maintenance,3.0,1284.59
MC-006,LINE-C,2023-09-28,Preventive Maintenance,4.4,2580.86
MC-006,LINE-C,2023-10-04,Tooling Change,3.1,2535.2
MC-006,LINE-C,2023-11-02,Tooling Change,0.6,1504.78
MC-006,LINE-C,2023-11-12,Preventive Maintenance,5.1,1010.17
MC-006,LINE-C,2023-12-27,Preventive Maintenance,3.0,1000.85
MC-006,LINE-C,2024-01-25,Tooling Change,2.7,3523.09
MC-006,LINE-C,2024-02-10,Preventive Maintenance,3.3,2887.6
MC-007,LINE-C,2023-02-15,Preventive Maintenance,4.1,1811.67
MC-007,LINE-C,2023-02-25,Unplanned Stop,0.8,3761.37
MC-007,LINE-C,2023-03-09,Tooling Change,3.0,3450.18
MC-007,LINE-C,2023-03-29,Sensor Fault,1.8,3369.15
MC-007,LINE-C,2023-04-01,Preventive Maintenance,3.1,3333.97
MC-007,LINE-C,2023-05-12,Calibration Drift,4.9,1761.11
MC-007,LINE-C,2023-05-16,Preventive Maintenance,4.0,3432.52
MC-007,LINE-C,2023-06-09,Material Jam,3.8,470.77
MC-007,LINE-C,2023-06-30,Preventive Maintenance,3.6,2569.2
MC-007,LINE-C,2023-08-14,Preventive Maintenance,3.4,2647.62
MC-007,LINE-C,2023-09-15,Sensor Fault,4.5,4004.07
MC-007,LINE-C,2023-09-28,Preventive Maintenance,3.4,2555.42
MC-007,LINE-C,2023-11-12,Preventive Maintenance,3.0,3422.58
MC-007,LINE-C,2023-12-27,Preventive Maintenance,5.5,1624.91
MC-007,LINE-C,2024-01-21,Tooling Change,4.5,3542.33
MC-007,LINE-C,2024-02-10,Preventive Maintenance,2.4,2693.31
MC-008,LINE-D,2023-02-15,Preventive Maintenance,2.8,1711.96
MC-008,LINE-D,2023-03-13,Calibration Drift,4.4,1728.1
MC-008,LINE-D,2023-03-17,Material Jam,2.6,4001.39
MC-008,LINE-D,2023-04-01,Preventive Maintenance,5.7,3032.26
MC-008,LINE-D,2023-04-28,Material Jam,0.8,986.83
MC-008,LINE-D,2023-04-29,Sensor Fault,0.5,425.5
MC-008,LINE-D,2023-05-06,Tooling Change,4.3,2220.66
MC-008,LINE-D,2023-05-16,Preventive Maintenance,4.6,1690.74
MC-008,LINE-D,2023-06-30,Preventive Maintenance,3.6,1177.6
MC-008,LINE-D,2023-07-12,Unplanned Stop,1.7,1112.02
MC-008,LINE-D,2023-08-14,Preventive Maintenance,3.4,2845.43
MC-008,LINE-D,2023-08-25,Unplanned Stop,4.4,3071.59
MC-008,LINE-D,2023-09-28,Preventive Maintenance,5.2,1480.08
MC-008,LINE-D,2023-11-12,Preventive Maintenance,3.1,1201.31
MC-008,LINE-D,2023-12-03,Calibration Drift,2.8,2209.18
MC-008,LINE-D,2023-12-27,Preventive Maintenance,3.5,2721.81
MC-008,LINE-D,2024-02-10,Preventive Maintenance,2.7,2569.41
MC-009,LINE-D,2023-01-05,Sensor Fault,1.0,2147.5
MC-009,LINE-D,2023-01-11,Unplanned Stop,4.1,4419.04
MC-009,LINE-D,2023-02-15,Preventive Maintenance,4.5,2871.41
MC-009,LINE-D,2023-03-17,Unplanned Stop,1.6,2142.9
MC-009,LINE-D,2023-04-01,Preventive Maintenance,4.7,1787.69
MC-009,LINE-D,2023-04-24,Tooling Change,2.8,1272.35
MC-009,LINE-D,2023-05-16,Preventive Maintenance,5.5,3225.76
MC-009,LINE-D,2023-06-15,Unplanned Stop,0.5,1898.81
MC-009,LINE-D,2023-06-25,Sensor Fault,0.8,2211.4
MC-009,LINE-D,2023-06-30,Preventive Maintenance,4.9,1381.19
MC-009,LINE-D,2023-08-14,Preventive Maintenance,4.9,1662.89
MC-009,LINE-D,2023-09-19,Calibration Drift,3.8,1731.0
MC-009,LINE-D,2023-09-27,Calibration Drift,4.7,1581.41
MC-009,LINE-D,2023-09-28,Preventive Maintenance,5.3,3126.42
MC-009,LINE-D,2023-11-12,Preventive Maintenance,2.2,2923.05
MC-009,LINE-D,2023-12-27,Preventive Maintenance,4.1,2345.26
MC-009,LINE-D,2024-02-10,Preventive Maintenance,3.2,1088.32
